Display Name,User Name,Department
Hxlee,harrlee@deloitte.ca,Retail
Sxsingh,Sxsingh@deloitte.ca,Wholesale
RxOutar2,RxOuter2@deloitte.ca,Credit Union
L068,L068@deloitte.ca,Commercial
Lxchiovitti1,Lxchiovitti1@deloitte.ca,Wholesale
Dannydsouza,Dannydsouza@deloitte.ca,Credit Union
Cxdubord,Cxdubord@deloitte.ca,Wholesale
Nxdercole,Nxdercole@deloitte.ca,Retail
Kxgillet,Kxgillet@deloitte.ca,Wealth Management
L092,L092@deloitte.ca,Wealth Management
